Symbol,Name,LastSale,MarketCap,ADR TSO,IPOyear,Sector,Industry,Summary Quote
AXAS,Abraxas Petroleum Corporation,2.53,"341,803,000",n/a,n/a,Energy,Oil & Gas Production,http://www.nasdaq.com/symbol/axas
AE,"Adams Resources & Energy, Inc.",39.97,"168,577,312",n/a,n/a,Energy,Oil Refining/Marketing,http://www.nasdaq.com/symbol/ae
AAV,Advantage Oil & Gas Ltd,6.5,"1,200,253,165",n/a,n/a,Energy,Oil & Gas Production,http://www.nasdaq.com/symbol/aav
ANW,Aegean Marine Petroleum Network Inc.,10.8,"425,561,278",n/a,2006,Energy,Oil Refining/Marketing,http://www.nasdaq.com/symbol/anw
AHGP,"Alliance Holdings GP, L.P.",29.01,"1,736,625,630",n/a,2006,Energy,Coal Mining,http://www.nasdaq.com/symbol/ahgp
ARLP,"Alliance Resource Partners, L.P.",24.35,"1,811,031,859",n/a,1999,Energy,Coal Mining,http://www.nasdaq.com/symbol/arlp
ALJ,"Alon USA Energy, Inc.",11.71,"838,339,603",n/a,2005,Energy,Integrated oil Companies,http://www.nasdaq.com/symbol/alj
ALDW,"Alon USA Partners, LP",10.15,"634,580,233",n/a,2012,Energy,Integrated oil Companies,http://www.nasdaq.com/symbol/aldw
AETI,"American Electric Technologies, Inc.",1.9,"15,838,339",n/a,n/a,Energy,Industrial Machinery/Components,http://www.nasdaq.com/symbol/aeti
AEUA,Anadarko Petroleum Corporation,44,0,n/a,2015,Energy,Oil & Gas Production,http://www.nasdaq.com/symbol/aeua
APC,Anadarko Petroleum Corporation,70.01,"39,128,651,799",n/a,n/a,Energy,Oil & Gas Production,http://www.nasdaq.com/symbol/apc
AR,Antero Resources Corporation,25.84,"8,112,139,806",n/a,2013,Energy,Oil & Gas Production,http://www.nasdaq.com/symbol/ar
APA,Apache Corporation,62.08,"23,554,973,055",n/a,n/a,Energy,Oil & Gas Production,http://www.nasdaq.com/symbol/apa
AREX,Approach Resources Inc.,3.28,"137,657,159",n/a,2007,Energy,Oil & Gas Production,http://www.nasdaq.com/symbol/arex
ARCX,Arc Logistic Partners LP,16.1,"310,770,121",n/a,2013,Energy,Oil Refining/Marketing,http://www.nasdaq.com/symbol/arcx
ARCH,"Arch Coal, Inc.",73.65,"1,841,202,717",n/a,2016,Energy,Coal Mining,http://www.nasdaq.com/symbol/arch
AT,Atlantic Power Corporation,2.3,"263,694,742",n/a,n/a,Energy,Electric Utilities: Central,http://www.nasdaq.com/symbol/at
ATW,"Atwood Oceanics, Inc.",13.22,"858,562,218",n/a,n/a,Energy,Oil & Gas Production,http://www.nasdaq.com/symbol/atw
BHI,Baker Hughes Incorporated,63.09,"26,674,075,163",n/a,n/a,Energy,Metal Fabrications,http://www.nasdaq.com/symbol/bhi
BLDP,"Ballard Power Systems, Inc.",1.92,"335,519,290",n/a,n/a,Energy,Industrial Machinery/Components,http://www.nasdaq.com/symbol/bldp
BRN,"Barnwell Industries, Inc.",1.72,"14,236,715",n/a,n/a,Energy,Oil & Gas Production,http://www.nasdaq.com/symbol/brn
BAS,"Basic Energy Services, Inc.",41.87,"1,081,318,751",n/a,2005,Energy,Oilfield Services/Equipment,http://www.nasdaq.com/symbol/bas
BTE,Baytex Energy Corp,4.15,"968,813,309",n/a,n/a,Energy,Oil & Gas Production,http://www.nasdaq.com/symbol/bte
BXE,Bellatrix Exploration Ltd,0.8999,"221,902,587",n/a,n/a,Energy,Oil & Gas Production,http://www.nasdaq.com/symbol/bxe
BBL,BHP Billiton plc,36.42,"96,921,686,120",n/a,n/a,Energy,Coal Mining,http://www.nasdaq.com/symbol/bbl
BBG,Bill Barrett Corporation,7.05,"533,852,811",n/a,2004,Energy,Oil & Gas Production,http://www.nasdaq.com/symbol/bbg
BSM,"Black Stone Minerals, L.P.",18.45,"3,522,569,737",n/a,2015,Energy,Oil & Gas Production,http://www.nasdaq.com/symbol/bsm
BKEP,"Blueknight Energy Partners L.P., L.L.C.",7.45,"283,049,169",n/a,2011,Energy,Natural Gas Distribution,http://www.nasdaq.com/symbol/bkep
BKEPP,"Blueknight Energy Partners L.P., L.L.C.",8.03,"242,173,711",n/a,n/a,Energy,Natural Gas Distribution,http://www.nasdaq.com/symbol/bkepp
BCEI,"Bonanza Creek Energy, Inc.",2.51,"124,669,255",n/a,2011,Energy,Oil & Gas Production,http://www.nasdaq.com/symbol/bcei
BP,BP p.l.c.,36.58,"115,330,176,560",n/a,n/a,Energy,Integrated oil Companies,http://www.nasdaq.com/symbol/bp
BPT,BP Prudhoe Bay Royalty Trust,32.8,"701,920,000",n/a,n/a,Energy,Integrated oil Companies,http://www.nasdaq.com/symbol/bpt
BGG,Briggs & Stratton Corporation,20.79,"889,995,513",n/a,n/a,Energy,Industrial Machinery/Components,http://www.nasdaq.com/symbol/bgg
BC,Brunswick Corporation,58.84,"5,277,330,298",n/a,n/a,Energy,Industrial Machinery/Components,http://www.nasdaq.com/symbol/bc
BPL,Buckeye Partners L.P.,69.8,"9,787,519,332",n/a,1986,Energy,Natural Gas Distribution,http://www.nasdaq.com/symbol/bpl
BWXT,"BWX Technologies, Inc.",41.88,"4,155,895,378",n/a,n/a,Energy,Industrial Machinery/Components,http://www.nasdaq.com/symbol/bwxt
COG,Cabot Oil & Gas Corporation,22.55,"10,489,121,383",n/a,1990,Energy,Oil & Gas Production,http://www.nasdaq.com/symbol/cog
CRC,California Resources Corporation,21.98,"905,953,507",n/a,2014,Energy,Oil & Gas Production,http://www.nasdaq.com/symbol/crc
CPE,Callon Petroleum Company,15.62,"3,140,265,418",n/a,n/a,Energy,Oil & Gas Production,http://www.nasdaq.com/symbol/cpe
CPE^A,Callon Petroleum Company,53.01,0,n/a,n/a,Energy,Oil & Gas Production,http://www.nasdaq.com/symbol/cpe^a
CLMT,"Calumet Specialty Products Partners, L.P.",4.2,"320,808,865",n/a,2006,Energy,Integrated oil Companies,http://www.nasdaq.com/symbol/clmt
CEI,"Camber Energy, Inc.",0.8451,"17,772,729",n/a,n/a,Energy,Oil & Gas Production,http://www.nasdaq.com/symbol/cei
CNQ,Canadian Natural Resources Limited,30.68,"34,084,022,669",n/a,n/a,Energy,Oil & Gas Production,http://www.nasdaq.com/symbol/cnq
CPST,Capstone Turbine Corporation,0.74,"26,407,480",n/a,2000,Energy,Industrial Machinery/Components,http://www.nasdaq.com/symbol/cpst
CRZO,"Carrizo Oil & Gas, Inc.",36.37,"2,368,752,459",n/a,1997,Energy,Oil & Gas Production,http://www.nasdaq.com/symbol/crzo
CVE,Cenovus Energy Inc,13.83,"11,523,087,279",n/a,n/a,Energy,Oil & Gas Production,http://www.nasdaq.com/symbol/cve
CDEV,"Centennial Resource Development, Inc.",18.6,"4,324,332,042",n/a,2016,Energy,Oil & Gas Production,http://www.nasdaq.com/symbol/cdev
CDEVW,"Centennial Resource Development, Inc.",7.2,0,n/a,2016,Energy,Oil & Gas Production,http://www.nasdaq.com/symbol/cdevw
CGG,CGG,10.74,"237,710,020",n/a,n/a,Energy,Oil & Gas Production,http://www.nasdaq.com/symbol/cgg
CHK,Chesapeake Energy Corporation,6.92,"6,140,738,046",n/a,n/a,Energy,Oil & Gas Production,http://www.nasdaq.com/symbol/chk
CHKR,Chesapeake Granite Wash Trust,3.15,"147,262,500",n/a,2011,Energy,Oil & Gas Production,http://www.nasdaq.com/symbol/chkr
CVX,Chevron Corporation,113.79,"214,809,270,923",n/a,n/a,Energy,Integrated oil Companies,http://www.nasdaq.com/symbol/cvx
SNP,China Petroleum & Chemical Corporation,80.22,"97,123,324,341",n/a,n/a,Energy,Integrated oil Companies,http://www.nasdaq.com/symbol/snp
CYD,China Yuchai International Limited,13.88,"545,460,973",n/a,1994,Energy,Industrial Machinery/Components,http://www.nasdaq.com/symbol/cyd
XEC,Cimarex Energy Co,139.45,"13,242,754,064",n/a,n/a,Energy,Oil & Gas Production,http://www.nasdaq.com/symbol/xec
CKX,"CKX Lands, Inc.",10.86,"21,095,496",n/a,n/a,Energy,Oil & Gas Production,http://www.nasdaq.com/symbol/ckx
CWEI,"Clayton Williams Energy, Inc.",146.14,"2,556,498,044",n/a,1993,Energy,Oil & Gas Production,http://www.nasdaq.com/symbol/cwei
CLD,Cloud Peak Energy Inc,5.84,"358,901,195",n/a,2009,Energy,Coal Mining,http://www.nasdaq.com/symbol/cld
CEO,CNOOC Limited,126.15,"1,262,672,438",n/a,2001,Energy,Oil & Gas Production,http://www.nasdaq.com/symbol/ceo
CNXC,CNX Coal Resources LP,19.15,"444,845,365",n/a,2015,Energy,Coal Mining,http://www.nasdaq.com/symbol/cnxc
CIE,"Cobalt International Energy, Inc.",1.12,"493,160,944",n/a,2009,Energy,Oil & Gas Production,http://www.nasdaq.com/symbol/cie
CRK,"Comstock Resources, Inc.",13.07,"175,864,156",n/a,n/a,Energy,Oil & Gas Production,http://www.nasdaq.com/symbol/crk
CXO,Concho Resources Inc.,144.04,"21,037,162,994",n/a,2007,Energy,Oil & Gas Production,http://www.nasdaq.com/symbol/cxo
COP,ConocoPhillips,49.43,"61,245,124,827",n/a,n/a,Energy,Integrated oil Companies,http://www.nasdaq.com/symbol/cop
CNX,CONSOL Energy Inc.,19,"4,359,366,992",n/a,1999,Energy,Coal Mining,http://www.nasdaq.com/symbol/cnx
MCF,Contango Oil & Gas Company,9.1,"229,885,583",n/a,n/a,Energy,Oil & Gas Production,http://www.nasdaq.com/symbol/mcf
CLR,"Continental Resources, Inc.",49.89,"18,685,310,381",n/a,2007,Energy,Oil & Gas Production,http://www.nasdaq.com/symbol/clr
CLB,Core Laboratories N.V.,116.7,"5,055,689,887",n/a,1995,Energy,Oilfield Services/Equipment,http://www.nasdaq.com/symbol/clb
CPG,Crescent Point Energy Corporation,11.92,"6,457,571,697",n/a,n/a,Energy,Oil & Gas Production,http://www.nasdaq.com/symbol/cpg
CRT,Cross Timbers Royalty Trust,17.77,"106,620,000",n/a,1992,Energy,Oil & Gas Production,http://www.nasdaq.com/symbol/crt
CAPL,CrossAmerica Partners LP,26.78,"897,490,887",n/a,2012,Energy,Oil Refining/Marketing,http://www.nasdaq.com/symbol/capl
CCLP,CSI Compressco LP,12.67,"421,434,304",n/a,2011,Energy,Oilfield Services/Equipment,http://www.nasdaq.com/symbol/cclp
CMI,Cummins Inc.,147.14,"24,760,000,568",n/a,n/a,Energy,Industrial Machinery/Components,http://www.nasdaq.com/symbol/cmi
CVI,CVR Energy Inc.,23.16,"2,011,007,118",n/a,2007,Energy,Integrated oil Companies,http://www.nasdaq.com/symbol/cvi
CVRR,"CVR Refining, LP",11.5,"1,697,400,000",n/a,2013,Energy,Integrated oil Companies,http://www.nasdaq.com/symbol/cvrr
CELP,"Cypress Energy Partners, L.P.",13.11,"155,462,942",n/a,2014,Energy,Oilfield Services/Equipment,http://www.nasdaq.com/symbol/celp
DWSN,Dawson Geophysical Company,8.21,"177,602,735",n/a,n/a,Energy,Oil & Gas Production,http://www.nasdaq.com/symbol/dwsn
DKL,"Delek Logistics Partners, L.P.",34.35,"834,876,303",n/a,2012,Energy,Natural Gas Distribution,http://www.nasdaq.com/symbol/dkl
DK,"Delek US Holdings, Inc.",23.34,"1,446,028,160",n/a,2006,Energy,Integrated oil Companies,http://www.nasdaq.com/symbol/dk
DNR,Denbury Resources Inc.,3.68,"1,466,131,644",n/a,n/a,Energy,Oil & Gas Production,http://www.nasdaq.com/symbol/dnr
DVN,Devon Energy Corporation,46.64,"24,420,704,000",n/a,n/a,Energy,Oil & Gas Production,http://www.nasdaq.com/symbol/dvn
DO,"Diamond Offshore Drilling, Inc.",17.29,"2,371,663,473",n/a,1995,Energy,Oil & Gas Production,http://www.nasdaq.com/symbol/do
FANG,"Diamondback Energy, Inc.",106.68,"9,616,554,879",n/a,2012,Energy,Oil & Gas Production,http://www.nasdaq.com/symbol/fang
DMLP,"Dorchester Minerals, L.P.",17.8,"546,022,672",n/a,n/a,Energy,Oil & Gas Production,http://www.nasdaq.com/symbol/dmlp
DRQ,"Dril-Quip, Inc.",63.45,"2,384,539,259",n/a,1997,Energy,Metal Fabrications,http://www.nasdaq.com/symbol/drq
ESTE,"Earthstone Energy, Inc.",13.13,"292,656,894",n/a,n/a,Energy,Oil & Gas Production,http://www.nasdaq.com/symbol/este
ECT,ECA Marcellus Trust I,2.8,"49,294,000",n/a,2010,Energy,Oil & Gas Production,http://www.nasdaq.com/symbol/ect
ECR,Eclipse Resources Corporation,2.35,"612,390,949",n/a,2014,Energy,Oil & Gas Production,http://www.nasdaq.com/symbol/ecr
EC,Ecopetrol S.A.,9.44,"19,407,079,889",n/a,n/a,Energy,Oil & Gas Production,http://www.nasdaq.com/symbol/ec
ESES,"Eco-Stim Energy Solutions, Inc.",1.35,"19,462,581",n/a,n/a,Energy,Oilfield Services/Equipment,http://www.nasdaq.com/symbol/eses
EMR,Emerson Electric Company,60.14,"38,757,225,586",n/a,n/a,Energy,Consumer Electronics/Appliances,http://www.nasdaq.com/symbol/emr
EEQ,Enbridge Energy Management LLC,20.37,"1,667,430,370",n/a,2002,Energy,Oil & Gas Production,http://www.nasdaq.com/symbol/eeq
EEP,"Enbridge Energy, L.P.",21.33,"9,262,464,706",n/a,n/a,Energy,Natural Gas Distribution,http://www.nasdaq.com/symbol/eep
ENB,Enbridge Inc,43.03,"40,582,119,042",n/a,n/a,Energy,Natural Gas Distribution,http://www.nasdaq.com/symbol/enb
ECA,Encana Corporation,13,"12,648,496,874",n/a,n/a,Energy,Oil & Gas Production,http://www.nasdaq.com/symbol/eca
NDRO,Enduro Royalty Trust,3.85,"127,050,000",n/a,2011,Energy,Oil & Gas Production,http://www.nasdaq.com/symbol/ndro
EGN,Energen Corporation,53.55,"5,198,277,571",n/a,n/a,Energy,Oil & Gas Production,http://www.nasdaq.com/symbol/egn
ENRJ,"EnerJex Resources, Inc.",0.66,"5,559,798",n/a,n/a,Energy,Oil & Gas Production,http://www.nasdaq.com/symbol/enrj
ERF,Enerplus Corporation,9.06,"2,178,775,337",n/a,n/a,Energy,Oil & Gas Production,http://www.nasdaq.com/symbol/erf
E,ENI S.p.A.,31.54,"57,311,102,654",n/a,n/a,Energy,Oil & Gas Production,http://www.nasdaq.com/symbol/e
ESV,ENSCO plc,11.37,"3,451,335,791",n/a,n/a,Energy,Oil & Gas Production,http://www.nasdaq.com/symbol/esv
ENSV,ENSERVCO Corporation,0.5749,"29,358,798",n/a,n/a,Energy,Oilfield Services/Equipment,http://www.nasdaq.com/symbol/ensv
EOG,"EOG Resources, Inc.",102.9,"59,317,496,610",n/a,n/a,Energy,Oil & Gas Production,http://www.nasdaq.com/symbol/eog
EPE,EP Energy Corporation,5.36,"1,353,111,541",n/a,2014,Energy,Oil & Gas Production,http://www.nasdaq.com/symbol/epe
EQT,EQT Corporation,64.17,"11,085,880,860",n/a,n/a,Energy,Oil & Gas Production,http://www.nasdaq.com/symbol/eqt
ERN,Erin Energy Corp.,3.45,"733,769,232",n/a,n/a,Energy,Oil & Gas Production,http://www.nasdaq.com/symbol/ern
EVEP,"EV Energy Partners, L.P.",2.01,"98,600,980",n/a,2006,Energy,Oil & Gas Production,http://www.nasdaq.com/symbol/evep
EPM,"Evolution Petroleum Corporation, Inc.",9.35,"308,975,565",n/a,n/a,Energy,Oil & Gas Production,http://www.nasdaq.com/symbol/epm
XCO,EXCO Resources NL,0.7069,"199,660,951",n/a,2006,Energy,Oil & Gas Production,http://www.nasdaq.com/symbol/xco
XOG,"Extraction Oil & Gas, Inc.",19.2,"3,299,224,416",n/a,2016,Energy,Oil & Gas Production,http://www.nasdaq.com/symbol/xog
XOM,Exxon Mobil Corporation,85.51,"354,583,746,306",n/a,n/a,Energy,Integrated oil Companies,http://www.nasdaq.com/symbol/xom
FPP,FieldPoint Petroleum Corporation,0.75,"7,338,499",n/a,n/a,Energy,Oil & Gas Production,http://www.nasdaq.com/symbol/fpp
FELP,Foresight Energy LP,7.2,"943,627,421",n/a,2014,Energy,Coal Mining,http://www.nasdaq.com/symbol/felp
FET,"Forum Energy Technologies, Inc.",21.8,"1,993,191,571",n/a,2012,Energy,Metal Fabrications,http://www.nasdaq.com/symbol/fet
FI,Frank&#39;s International N.V.,12.4,"2,757,777,695",n/a,2013,Energy,Oilfield Services/Equipment,http://www.nasdaq.com/symbol/fi
GST,Gastar Exploration Inc.,1.66,"218,660,373",n/a,n/a,Energy,Oil & Gas Production,http://www.nasdaq.com/symbol/gst
GEH,General Electric Capital Corporation,25.2,0,n/a,n/a,Energy,Consumer Electronics/Appliances,http://www.nasdaq.com/symbol/geh
GEK,General Electric Capital Corporation,25.35,0,n/a,n/a,Energy,Consumer Electronics/Appliances,http://www.nasdaq.com/symbol/gek
GE,General Electric Company,30.01,"265,480,163,900",n/a,n/a,Energy,Consumer Electronics/Appliances,http://www.nasdaq.com/symbol/ge
GEB,General Electric Company,25.06,0,n/a,n/a,Energy,Consumer Electronics/Appliances,http://www.nasdaq.com/symbol/geb
GEL,"Genesis Energy, L.P.",36.92,"4,355,792,729",n/a,1996,Energy,Oil Refining/Marketing,http://www.nasdaq.com/symbol/gel
GPRK,Geopark Ltd,4.95,"296,143,942",n/a,2014,Energy,Oil & Gas Production,http://www.nasdaq.com/symbol/gprk
GLP,Global Partners LP,20.8,"707,107,710",n/a,2005,Energy,Oil Refining/Marketing,http://www.nasdaq.com/symbol/glp
GTE,Gran Tierra Energy Inc.,2.54,"992,257,073",n/a,n/a,Energy,Oil & Gas Production,http://www.nasdaq.com/symbol/gte
GLF,"GulfMark Offshore, Inc.",1.8,"48,594,542",n/a,n/a,Energy,Metal Fabrications,http://www.nasdaq.com/symbol/glf
GPOR,Gulfport Energy Corporation,22.1,"3,510,138,934",n/a,n/a,Energy,Oil & Gas Production,http://www.nasdaq.com/symbol/gpor
HK,Halcon Resources Corporation,9.11,"843,933,027",n/a,n/a,Energy,Oil & Gas Production,http://www.nasdaq.com/symbol/hk
HNRG,Hallador Energy Company,9.7,"283,900,114",n/a,n/a,Energy,Coal Mining,http://www.nasdaq.com/symbol/hnrg
HAL,Halliburton Company,58.21,"50,319,763,435",n/a,n/a,Energy,Oilfield Services/Equipment,http://www.nasdaq.com/symbol/hal
HNR,Harvest Natural Resources Inc,6.55,"72,330,366",n/a,n/a,Energy,Oil & Gas Production,http://www.nasdaq.com/symbol/hnr
HLX,"Helix Energy Solutions Group, Inc.",8.4,"1,018,801,837",n/a,n/a,Energy,Oilfield Services/Equipment,http://www.nasdaq.com/symbol/hlx
HP,"Helmerich & Payne, Inc.",72.68,"7,862,320,132",n/a,n/a,Energy,Oil & Gas Production,http://www.nasdaq.com/symbol/hp
HES,Hess Corporation,54.87,"17,372,997,452",n/a,n/a,Energy,Integrated oil Companies,http://www.nasdaq.com/symbol/hes
HEP,"Holly Energy Partners, L.P.",37.84,"2,375,614,234",n/a,2004,Energy,Natural Gas Distribution,http://www.nasdaq.com/symbol/hep
HFC,HollyFrontier Corporation,29.09,"5,134,956,473",n/a,n/a,Energy,Integrated oil Companies,http://www.nasdaq.com/symbol/hfc
HOLI,"Hollysys Automation Technologies, Ltd.",16.76,"1,003,313,919",n/a,n/a,Energy,Industrial Machinery/Components,http://www.nasdaq.com/symbol/holi
HUSA,Houston American Energy Corporation,0.195,"9,999,091",n/a,n/a,Energy,Oil & Gas Production,http://www.nasdaq.com/symbol/husa
HGT,Hugoton Royalty Trust,2.1,"84,000,000",n/a,1999,Energy,Oil & Gas Production,http://www.nasdaq.com/symbol/hgt
IPWR,Ideal Power Inc.,2.25,"21,504,931",n/a,2013,Energy,Industrial Machinery/Components,http://www.nasdaq.com/symbol/ipwr
IMO,Imperial Oil Limited,33.17,"28,114,859,195",n/a,n/a,Energy,Integrated oil Companies,http://www.nasdaq.com/symbol/imo
ICD,"Independence Contract Drilling, Inc.",6.67,"250,835,408",n/a,2014,Energy,Oil & Gas Production,http://www.nasdaq.com/symbol/icd
IOC,InterOil Corporation,48.25,"2,419,631,109",n/a,n/a,Energy,Oil & Gas Production,http://www.nasdaq.com/symbol/ioc
IO,Ion Geophysical Corporation,5.85,"70,626,781",n/a,n/a,Energy,Oil & Gas Production,http://www.nasdaq.com/symbol/io
ISRL,"Isramco, Inc.",129,"350,582,139",n/a,1983,Energy,Oil & Gas Production,http://www.nasdaq.com/symbol/isrl
JONE,"Jones Energy, Inc.",4.7,"408,155,746",n/a,2013,Energy,Oil & Gas Production,http://www.nasdaq.com/symbol/jone
JOY,Joy Global Inc.,28.14,"2,778,771,731",n/a,n/a,Energy,Industrial Machinery/Components,http://www.nasdaq.com/symbol/joy
JPEP,JP Energy Partners LP,10.34,"379,031,912",n/a,2014,Energy,Oil Refining/Marketing,http://www.nasdaq.com/symbol/jpep
FRAC,"Keane Group, Inc.",22.14,0,n/a,2017,Energy,Oilfield Services/Equipment,http://www.nasdaq.com/symbol/frac
KEG,"Key Energy Services, Inc.",33.11,"27,139,472",n/a,2016,Energy,Oilfield Services/Equipment,http://www.nasdaq.com/symbol/keg
PHG,Koninklijke Philips N.V.,29.63,"27,386,149,730",n/a,n/a,Energy,Consumer Electronics/Appliances,http://www.nasdaq.com/symbol/phg
KOS,Kosmos Energy Ltd.,6.4,"2,475,249,120",n/a,2011,Energy,Oil & Gas Production,http://www.nasdaq.com/symbol/kos
LPI,"Laredo Petroleum, Inc.",14.09,"3,408,762,406",n/a,2011,Energy,Oil & Gas Production,http://www.nasdaq.com/symbol/lpi
LGCY,Legacy Reserves LP,2.57,"186,440,519",n/a,2007,Energy,Oil & Gas Production,http://www.nasdaq.com/symbol/lgcy
LGCYO,Legacy Reserves LP,11.59,"81,130,000",n/a,n/a,Energy,Oil & Gas Production,http://www.nasdaq.com/symbol/lgcyo
LGCYP,Legacy Reserves LP,11.45,"22,900,000",n/a,n/a,Energy,Oil & Gas Production,http://www.nasdaq.com/symbol/lgcyp
LONE,Lonestar Resources US Inc.,7,"152,771,605",n/a,n/a,Energy,Oil & Gas Production,http://www.nasdaq.com/symbol/lone
MIC,Macquarie Infrastructure Company,76.1,"6,227,593,883",n/a,2004,Energy,Oil Refining/Marketing,http://www.nasdaq.com/symbol/mic
MMP,Magellan Midstream Partners L.P.,81.46,"18,555,277,797",n/a,n/a,Energy,Natural Gas Distribution,http://www.nasdaq.com/symbol/mmp
MPET,Magellan Petroleum Corporation,11.62,"68,321,068",n/a,n/a,Energy,Oil & Gas Production,http://www.nasdaq.com/symbol/mpet
TUSK,"Mammoth Energy Services, Inc.",18.11,"679,125,000",n/a,2016,Energy,Oilfield Services/Equipment,http://www.nasdaq.com/symbol/tusk
MRO,Marathon Oil Corporation,17.41,"14,749,948,524",n/a,n/a,Energy,Oil & Gas Production,http://www.nasdaq.com/symbol/mro
MPC,Marathon Petroleum Corporation,49.08,"25,905,169,476",n/a,n/a,Energy,Integrated oil Companies,http://www.nasdaq.com/symbol/mpc
MARPS,Marine Petroleum Trust,5.4555,"10,911,000",n/a,n/a,Energy,Oil & Gas Production,http://www.nasdaq.com/symbol/marps
MMLP,Martin Midstream Partners L.P.,19.225,"681,612,032",n/a,2002,Energy,Oil Refining/Marketing,http://www.nasdaq.com/symbol/mmlp
MTDR,Matador Resources Company,26.62,"2,648,777,713",n/a,2012,Energy,Oil & Gas Production,http://www.nasdaq.com/symbol/mtdr
MEMP,Memorial Production Partners LP,0.182,"15,257,302",n/a,2011,Energy,Oil & Gas Production,http://www.nasdaq.com/symbol/memp
MTR,Mesa Royalty Trust,13.9,"25,903,901",n/a,n/a,Energy,Oil & Gas Production,http://www.nasdaq.com/symbol/mtr
MXC,Mexco Energy Corporation,5.288,"10,773,063",n/a,n/a,Energy,Oil & Gas Production,http://www.nasdaq.com/symbol/mxc
MGEE,MGE Energy Inc.,63.85,"2,213,575,425",n/a,n/a,Energy,Electric Utilities: Central,http://www.nasdaq.com/symbol/mgee
MCEP,"Mid-Con Energy Partners, LP",3.11,"93,027,035",n/a,2011,Energy,Oil & Gas Production,http://www.nasdaq.com/symbol/mcep
MPO,"MIDSTATES PETROLEUM COMPANY, INC.",20.9,"516,227,910",n/a,2016,Energy,Oil & Gas Production,http://www.nasdaq.com/symbol/mpo
MPLX,MPLX LP,38.37,"13,758,352,004",n/a,2012,Energy,Natural Gas Distribution,http://www.nasdaq.com/symbol/mplx
MUR,Murphy Oil Corporation,29.98,"5,162,558,249",n/a,n/a,Energy,Oil & Gas Production,http://www.nasdaq.com/symbol/mur
MVO,MV Oil Trust,7.06,"81,190,000",n/a,2007,Energy,Oil & Gas Production,http://www.nasdaq.com/symbol/mvo
NBR,Nabors Industries Ltd.,16.2,"4,591,535,625",n/a,n/a,Energy,Oil & Gas Production,http://www.nasdaq.com/symbol/nbr
NOV,"National Oilwell Varco, Inc.",38.87,"14,680,562,387",n/a,n/a,Energy,Metal Fabrications,http://www.nasdaq.com/symbol/nov
NGS,"Natural Gas Services Group, Inc.",30.5,"392,496,143",n/a,2002,Energy,Oilfield Services/Equipment,http://www.nasdaq.com/symbol/ngs
NRP,Natural Resource Partners LP,37.95,"464,204,628",n/a,2002,Energy,Coal Mining,http://www.nasdaq.com/symbol/nrp
GBR,"New Concept Energy, Inc",1.81,"3,523,951",n/a,n/a,Energy,Oil & Gas Production,http://www.nasdaq.com/symbol/gbr
NFX,Newfield Exploration Company,41.78,"8,309,397,794",n/a,1993,Energy,Oil & Gas Production,http://www.nasdaq.com/symbol/nfx
NR,"Newpark Resources, Inc.",7.85,"664,530,525",n/a,n/a,Energy,Metal Fabrications,http://www.nasdaq.com/symbol/nr
NGL,NGL ENERGY PARTNERS LP,24.65,"2,648,501,305",n/a,2011,Energy,Oil Refining/Marketing,http://www.nasdaq.com/symbol/ngl
NE,Noble Corporation,7.2,"1,751,280,271",n/a,n/a,Energy,Oil & Gas Production,http://www.nasdaq.com/symbol/ne
NBL,Noble Energy Inc.,40.27,"17,304,091,969",n/a,n/a,Energy,Oil & Gas Production,http://www.nasdaq.com/symbol/nbl
NBLX,Noble Midstream Partners LP,42.98,"1,366,986,121",n/a,2016,Energy,Natural Gas Distribution,http://www.nasdaq.com/symbol/nblx
NOA,"North American Energy Partners, Inc.",5.25,"164,665,237",n/a,2006,Energy,Oilfield Services/Equipment,http://www.nasdaq.com/symbol/noa
NADL,North Atlantic Drilling Ltd.,3.4,"81,988,389",n/a,2014,Energy,Oil & Gas Production,http://www.nasdaq.com/symbol/nadl
NRT,North European Oil Royality Trust,6.9,"63,415,071",n/a,n/a,Energy,Oil & Gas Production,http://www.nasdaq.com/symbol/nrt
NOG,"Northern Oil and Gas, Inc.",3.65,"230,059,394",n/a,n/a,Energy,Oil & Gas Production,http://www.nasdaq.com/symbol/nog
DNOW,NOW Inc.,22.09,"2,374,099,600",n/a,2014,Energy,Metal Fabrications,http://www.nasdaq.com/symbol/dnow
NS,Nustar Energy L.P.,54.92,"4,310,459,742",n/a,n/a,Energy,Natural Gas Distribution,http://www.nasdaq.com/symbol/ns
NSH,"Nustar GP Holdings, LLC",30.05,"1,290,083,822",n/a,n/a,Energy,Natural Gas Distribution,http://www.nasdaq.com/symbol/nsh
NSS,"NuStar Logistics, L.P.",25.85,0,n/a,n/a,Energy,Natural Gas Distribution,http://www.nasdaq.com/symbol/nss
OAS,Oasis Petroleum Inc.,14.89,"3,519,478,111",n/a,2010,Energy,Oil & Gas Production,http://www.nasdaq.com/symbol/oas
OXY,Occidental Petroleum Corporation,68.95,"52,690,796,730",n/a,n/a,Energy,Oil & Gas Production,http://www.nasdaq.com/symbol/oxy
ORIG,Ocean Rig UDW Inc.,1.61,"132,964,830",n/a,n/a,Energy,Oil & Gas Production,http://www.nasdaq.com/symbol/orig
OII,"Oceaneering International, Inc.",28.24,"2,769,357,662",n/a,n/a,Energy,Oilfield Services/Equipment,http://www.nasdaq.com/symbol/oii
OIS,"Oil States International, Inc.",39.85,"2,047,285,382",n/a,2001,Energy,Metal Fabrications,http://www.nasdaq.com/symbol/ois
ROYT,Pacific Coast Oil Trust,1.21,"46,685,621",n/a,2012,Energy,Oil & Gas Production,http://www.nasdaq.com/symbol/royt
PACD,Pacific Drilling S.A.,3.7,"78,377,100",n/a,2011,Energy,Oil & Gas Production,http://www.nasdaq.com/symbol/pacd
PHX,Panhandle Royalty Company,21.85,"362,716,468",n/a,n/a,Energy,Oil & Gas Production,http://www.nasdaq.com/symbol/phx
PARR,"Par Pacific Holdings, Inc.",14.48,"658,929,385",n/a,n/a,Energy,Oil & Gas Production,http://www.nasdaq.com/symbol/parr
PKD,Parker Drilling Company,2.65,"331,397,035",n/a,n/a,Energy,Oil & Gas Production,http://www.nasdaq.com/symbol/pkd
PE,"Parsley Energy, Inc.",36.7,"7,618,890,273",n/a,2014,Energy,Oil & Gas Production,http://www.nasdaq.com/symbol/pe
PTEN,"Patterson-UTI Energy, Inc.",28.32,"4,194,485,990",n/a,1993,Energy,Oil & Gas Production,http://www.nasdaq.com/symbol/pten
PBF,PBF Energy Inc.,23.31,"2,287,708,924",n/a,2012,Energy,Integrated oil Companies,http://www.nasdaq.com/symbol/pbf
PBFX,PBF Logistics LP,20,"834,597,880",n/a,2014,Energy,Natural Gas Distribution,http://www.nasdaq.com/symbol/pbfx
PDCE,"PDC Energy, Inc.",76.33,"5,011,287,002",n/a,n/a,Energy,Oil & Gas Production,http://www.nasdaq.com/symbol/pdce
PED,Pedevco Corp.,0.1058,"5,274,056",n/a,n/a,Energy,Oil & Gas Production,http://www.nasdaq.com/symbol/ped
PBA,Pembina Pipeline Corp.,31.29,"12,418,584,342",n/a,n/a,Energy,Oil & Gas Production,http://www.nasdaq.com/symbol/pba
PGH,Pengrowth Energy Corporation,1.3,"712,021,309",n/a,n/a,Energy,Oil & Gas Production,http://www.nasdaq.com/symbol/pgh
PVAC,Penn Virginia Corporation,49.9,"748,101,698",n/a,n/a,Energy,Oil & Gas Production,http://www.nasdaq.com/symbol/pvac
PWE,Penn West Petroleum Ltd,1.8,"904,974,773",n/a,n/a,Energy,Oil & Gas Production,http://www.nasdaq.com/symbol/pwe
PBT,Permian Basin Royalty Trust,9.06,"422,275,692",n/a,n/a,Energy,Oil & Gas Production,http://www.nasdaq.com/symbol/pbt
PZE,Petrobras Argentina S.A.,9.35,"1,887,765,000",n/a,n/a,Energy,Oil & Gas Production,http://www.nasdaq.com/symbol/pze
PTR,PetroChina Company Limited,79.53,"145,556,601,300",n/a,n/a,Energy,Oil & Gas Production,http://www.nasdaq.com/symbol/ptr
PBR,Petroleo Brasileiro S.A.- Petrobras,10.79,"70,375,060,937",n/a,n/a,Energy,Oil & Gas Production,http://www.nasdaq.com/symbol/pbr
PQ,Petroquest Energy Inc,4.31,"90,941,000",n/a,n/a,Energy,Oil & Gas Production,http://www.nasdaq.com/symbol/pq
PSX,Phillips 66,82.77,"43,110,771,468",n/a,n/a,Energy,Integrated oil Companies,http://www.nasdaq.com/symbol/psx
PSXP,Phillips 66 Partners LP,56.14,"5,910,211,033",n/a,2013,Energy,Natural Gas Distribution,http://www.nasdaq.com/symbol/psxp
PES,Pioneer Energy Services Corp.,6.2,"478,310,817",n/a,n/a,Energy,Oil & Gas Production,http://www.nasdaq.com/symbol/pes
PXD,Pioneer Natural Resources Company,181.46,"30,797,514,048",n/a,n/a,Energy,Oil & Gas Production,http://www.nasdaq.com/symbol/pxd
PAA,"Plains All American Pipeline, L.P.",31.62,"13,057,882,882",n/a,1998,Energy,Natural Gas Distribution,http://www.nasdaq.com/symbol/paa
PAGP,"Plains Group Holdings, L.P.",32.46,"1,228,334,084",n/a,2013,Energy,Natural Gas Distribution,http://www.nasdaq.com/symbol/pagp
PLUG,"Plug Power, Inc.",1.12,"202,283,585",n/a,1999,Energy,Industrial Machinery/Components,http://www.nasdaq.com/symbol/plug
PSIX,"Power Solutions International, Inc.",7.44,"80,941,203",n/a,n/a,Energy,Industrial Machinery/Components,http://www.nasdaq.com/symbol/psix
PDS,Precision Drilling Corporation,5.8,"1,700,785,376",n/a,n/a,Energy,Oil & Gas Production,http://www.nasdaq.com/symbol/pds
PNRG,PrimeEnergy Corporation,56.5,"129,603,316",n/a,n/a,Energy,Oil & Gas Production,http://www.nasdaq.com/symbol/pnrg
PFIE,"Profire Energy, Inc.",1.28,"68,168,911",n/a,n/a,Energy,Metal Fabrications,http://www.nasdaq.com/symbol/pfie
QEP,"QEP Resources, Inc.",18.16,"4,350,373,026",n/a,n/a,Energy,Oil & Gas Production,http://www.nasdaq.com/symbol/qep
RRC,Range Resources Corporation,35.71,"8,825,558,449",n/a,n/a,Energy,Oil & Gas Production,http://www.nasdaq.com/symbol/rrc
RCON,"Recon Technology, Ltd.",1.37,"8,536,185",n/a,2009,Energy,Oilfield Services/Equipment,http://www.nasdaq.com/symbol/rcon
REN           ,Resolute Energy Corporation,47.24,"1,035,983,640",n/a,n/a,Energy,Oil & Gas Production,http://www.nasdaq.com/symbol/ren
REXX,Rex Energy Corporation,0.7269,"71,150,509",n/a,2007,Energy,Oil & Gas Production,http://www.nasdaq.com/symbol/rexx
RICE,Rice Energy Inc.,21.82,"4,420,541,097",n/a,2014,Energy,Oil & Gas Production,http://www.nasdaq.com/symbol/rice
REI,"Ring Energy, Inc.",13.56,"656,874,347",n/a,n/a,Energy,Oil & Gas Production,http://www.nasdaq.com/symbol/rei
RDC,Rowan Companies plc,19.27,"2,417,211,977",n/a,n/a,Energy,Oil & Gas Production,http://www.nasdaq.com/symbol/rdc
RES,"RPC, Inc.",21.65,"4,709,355,825",n/a,n/a,Energy,Oilfield Services/Equipment,http://www.nasdaq.com/symbol/res
RSPP,"RSP Permian, Inc.",43.21,"6,132,540,318",n/a,2014,Energy,Oil & Gas Production,http://www.nasdaq.com/symbol/rspp
SBR,Sabine Royalty Trust,39.05,"569,323,422",n/a,n/a,Energy,Oil & Gas Production,http://www.nasdaq.com/symbol/sbr
SAEX,"SAExploration Holdings, Inc.",6.77,"63,255,583",n/a,n/a,Energy,Oil & Gas Production,http://www.nasdaq.com/symbol/saex
SSN,Samson Oil & Gas Limited,0.6893,"11,083,443",n/a,n/a,Energy,Oil & Gas Production,http://www.nasdaq.com/symbol/ssn
SJT,San Juan Basin Royalty Trust,7.77,"362,150,345",n/a,n/a,Energy,Oil & Gas Production,http://www.nasdaq.com/symbol/sjt
SN,Sanchez Energy Corporation,14.24,"1,071,319,501",n/a,2011,Energy,Oil & Gas Production,http://www.nasdaq.com/symbol/sn
SPP,Sanchez Production Partners LP,14.35,"190,186,921",n/a,n/a,Energy,Oil & Gas Production,http://www.nasdaq.com/symbol/spp
SD,"SandRidge Energy, Inc.",21.28,"437,847,725",n/a,2016,Energy,Oil & Gas Production,http://www.nasdaq.com/symbol/sd
SDT,SandRidge Mississippian Trust I,1.77,"49,560,000",n/a,2011,Energy,Oil & Gas Production,http://www.nasdaq.com/symbol/sdt
SDR,SandRidge Mississippian Trust II,1.7,"84,532,500",n/a,2012,Energy,Oil & Gas Production,http://www.nasdaq.com/symbol/sdr
PER,SandRidge Permian Trust,3.45,"181,125,000",n/a,2011,Energy,Oil & Gas Production,http://www.nasdaq.com/symbol/per
SSL,Sasol Ltd.,30.18,"19,744,603,485",n/a,n/a,Energy,Oil & Gas Production,http://www.nasdaq.com/symbol/ssl
SLB,Schlumberger N.V.,84.5,"107,763,898,138",n/a,n/a,Energy,Oilfield Services/Equipment,http://www.nasdaq.com/symbol/slb
SDRL,Seadrill Limited,2.86,"1,442,710,641",n/a,n/a,Energy,Oil & Gas Production,http://www.nasdaq.com/symbol/sdrl
SDLP,Seadrill Partners LLC,4.35,"399,423,960",n/a,2012,Energy,Oil & Gas Production,http://www.nasdaq.com/symbol/sdlp
SEMG,Semgroup Corporation,40.8,"2,696,853,194",n/a,n/a,Energy,Oilfield Services/Equipment,http://www.nasdaq.com/symbol/semg
SEV,"Sevcon, Inc.",8.8721,"47,394,696",n/a,n/a,Energy,Industrial Machinery/Components,http://www.nasdaq.com/symbol/sev
SHLX,"Shell Midstream Partners, L.P.",32.82,"5,819,558,512",n/a,2014,Energy,Natural Gas Distribution,http://www.nasdaq.com/symbol/shlx
SM,SM Energy Company,34.4,"3,824,599,499",n/a,n/a,Energy,Oil & Gas Production,http://www.nasdaq.com/symbol/sm
SWN,Southwestern Energy Company,9.42,"4,667,169,888",n/a,n/a,Energy,Oil & Gas Production,http://www.nasdaq.com/symbol/swn
SWNC,Southwestern Energy Company,22.93,0,n/a,2015,Energy,Oil & Gas Production,http://www.nasdaq.com/symbol/swnc
SRLP,Sprague Resources LP,27.65,"589,327,151",n/a,2013,Energy,Oil Refining/Marketing,http://www.nasdaq.com/symbol/srlp
STO,Statoil ASA,18.83,"60,042,224,949",n/a,n/a,Energy,Integrated oil Companies,http://www.nasdaq.com/symbol/sto
SGY,Stone Energy Corporation,7.28,"41,425,042",n/a,1993,Energy,Oil & Gas Production,http://www.nasdaq.com/symbol/sgy
SU,Suncor Energy  Inc.,31.48,"52,505,921,041",n/a,n/a,Energy,Integrated oil Companies,http://www.nasdaq.com/symbol/su
SNDE,Sundance Energy Australia Limited,16,"754,384",47149,n/a,Energy,Oil & Gas Production,http://www.nasdaq.com/symbol/snde
SXL,Sunoco Logistics Partners LP,26.07,"8,641,440,393",n/a,2002,Energy,Natural Gas Distribution,http://www.nasdaq.com/symbol/sxl
SUN,Sunoco LP,28.48,"3,189,087,872",n/a,2012,Energy,Oil Refining/Marketing,http://www.nasdaq.com/symbol/sun
SDPI,"Superior Drilling Products, Inc.",1.1,"26,505,265",n/a,2014,Energy,Metal Fabrications,http://www.nasdaq.com/symbol/sdpi
SPN,"Superior Energy Services, Inc.",17.32,"2,628,159,801",n/a,n/a,Energy,Oilfield Services/Equipment,http://www.nasdaq.com/symbol/spn
SYRG,Synergy Resources Corporation,8.6,"1,724,962,922",n/a,n/a,Energy,Oil & Gas Production,http://www.nasdaq.com/symbol/syrg
FTI,TechnipFMC plc,35.3,"7,967,281,553",n/a,n/a,Energy,Metal Fabrications,http://www.nasdaq.com/symbol/fti
TGC,"Tengasco, Inc.",0.63,"3,841,565",n/a,n/a,Energy,Oil & Gas Production,http://www.nasdaq.com/symbol/tgc
TESO,Tesco Corporation,8.6,"399,073,867",n/a,n/a,Energy,Metal Fabrications,http://www.nasdaq.com/symbol/teso
TSO,Tesoro Corporation,82.02,"9,587,978,963",n/a,n/a,Energy,Integrated oil Companies,http://www.nasdaq.com/symbol/tso
TLLP,Tesoro Logistics LP,58.69,"5,992,016,529",n/a,2011,Energy,Natural Gas Distribution,http://www.nasdaq.com/symbol/tllp
TTI,"Tetra Technologies, Inc.",4.9,"563,476,843",n/a,n/a,Energy,Oil & Gas Production,http://www.nasdaq.com/symbol/tti
TPL,Texas Pacific Land Trust,321.99,"2,553,309,862",n/a,n/a,Energy,Oil & Gas Production,http://www.nasdaq.com/symbol/tpl
THR,"Thermon Group Holdings, Inc.",20.91,"675,955,709",n/a,2011,Energy,Industrial Machinery/Components,http://www.nasdaq.com/symbol/thr
TRCH,"Torchlight Energy Resources, Inc.",1.82,"98,437,907",n/a,n/a,Energy,Oil & Gas Production,http://www.nasdaq.com/symbol/trch
TOT,"TotalFinaElf, S.A.",50.4,"120,612,687,955",n/a,n/a,Energy,Oil & Gas Production,http://www.nasdaq.com/symbol/tot
TPIC,"TPI Composites, Inc.",18.79,"633,915,656",n/a,2016,Energy,Industrial Machinery/Components,http://www.nasdaq.com/symbol/tpic
TAT,Transatlantic Petroleum Ltd,1.18,"55,719,724",n/a,n/a,Energy,Oil & Gas Production,http://www.nasdaq.com/symbol/tat
TGA,Transglobe Energy Corp,1.75,"126,359,396",n/a,n/a,Energy,Oil & Gas Production,http://www.nasdaq.com/symbol/tga
TLP,TransMontaigne Partners L.P.,47.07,"759,577,957",n/a,2005,Energy,Natural Gas Distribution,http://www.nasdaq.com/symbol/tlp
RIG,Transocean Ltd.,14.9,"5,800,432,190",n/a,n/a,Energy,Oil & Gas Production,http://www.nasdaq.com/symbol/rig
TREC,Trecora Resources,12.55,"307,560,917",n/a,n/a,Energy,Integrated oil Companies,http://www.nasdaq.com/symbol/trec
TPLM,Triangle Petroleum Corporation,0.2725,"20,860,467",n/a,n/a,Energy,Oil & Gas Production,http://www.nasdaq.com/symbol/tplm
USEG,U.S. Energy Corp.,1.17,"7,177,372",n/a,n/a,Energy,Oil & Gas Production,http://www.nasdaq.com/symbol/useg
UNT,Unit Corporation,27.34,"1,407,649,604",n/a,n/a,Energy,Oil & Gas Production,http://www.nasdaq.com/symbol/unt
EGY,Vaalco Energy Inc,1.23,"72,119,743",n/a,n/a,Energy,Oil & Gas Production,http://www.nasdaq.com/symbol/egy
VLO,Valero Energy Corporation,67.31,"30,468,864,928",n/a,n/a,Energy,Integrated oil Companies,http://www.nasdaq.com/symbol/vlo
VLP,Valero Energy Partners LP,49.15,"3,310,486,749",n/a,2013,Energy,Natural Gas Distribution,http://www.nasdaq.com/symbol/vlp
VNR,Vanguard Natural Resources LLC,1,"131,024,208",n/a,n/a,Energy,Oil & Gas Production,http://www.nasdaq.com/symbol/vnr
VNRAP,Vanguard Natural Resources LLC,3.76,0,n/a,n/a,Energy,Oil & Gas Production,http://www.nasdaq.com/symbol/vnrap
VNRBP,Vanguard Natural Resources LLC,3.54,"24,780,000",n/a,n/a,Energy,Oil & Gas Production,http://www.nasdaq.com/symbol/vnrbp
VNRCP,Vanguard Natural Resources LLC,3.76,0,n/a,n/a,Energy,Oil & Gas Production,http://www.nasdaq.com/symbol/vnrcp
VET,Vermilion Energy Inc.,41.13,"4,852,822,996",n/a,n/a,Energy,Oil & Gas Production,http://www.nasdaq.com/symbol/vet
VTNR,"Vertex Energy, Inc",1.52,"50,390,114",n/a,n/a,Energy,Integrated oil Companies,http://www.nasdaq.com/symbol/vtnr
VNOM,Viper Energy Partners LP,16.16,"1,418,853,753",n/a,2014,Energy,Oil & Gas Production,http://www.nasdaq.com/symbol/vnom
VOC,VOC Energy Trust,3.72,"63,240,000",n/a,2011,Energy,Oil & Gas Production,http://www.nasdaq.com/symbol/voc
VTTI,VTTI Energy Partners LP,18.55,"746,637,500",n/a,2014,Energy,Oil Refining/Marketing,http://www.nasdaq.com/symbol/vtti
WTI,"W&T Offshore, Inc.",3.05,"418,102,613",n/a,2005,Energy,Oil & Gas Production,http://www.nasdaq.com/symbol/wti
WFT,Weatherford International plc,5.26,"5,164,149,224",n/a,n/a,Energy,Metal Fabrications,http://www.nasdaq.com/symbol/wft
WNRL,"Western Refining Logistics, LP",23.95,"1,458,203,510",n/a,2013,Energy,Natural Gas Distribution,http://www.nasdaq.com/symbol/wnrl
WNR,"Western Refining, Inc.",35.42,"3,840,605,547",n/a,2006,Energy,Integrated oil Companies,http://www.nasdaq.com/symbol/wnr
WLB,Westmoreland Coal Company,18.45,"342,628,345",n/a,n/a,Energy,Coal Mining,http://www.nasdaq.com/symbol/wlb
WMLP,"Westmoreland Resource Partners, LP",5.55,"6,776,883",n/a,2015,Energy,Coal Mining,http://www.nasdaq.com/symbol/wmlp
WPRT,Westport Fuel Systems Inc,1.32,"144,388,597",n/a,n/a,Energy,Industrial Machinery/Components,http://www.nasdaq.com/symbol/wprt
WLL,Whiting Petroleum Corporation,11.5,"3,269,955,805",n/a,2003,Energy,Oil & Gas Production,http://www.nasdaq.com/symbol/wll
WRD,WildHorse Resource Development Corporation,14.3,"1,732,076,160",n/a,2016,Energy,Oil & Gas Production,http://www.nasdaq.com/symbol/wrd
WG,"Willbros Group, Inc.",3.27,"204,797,854",n/a,1996,Energy,Oilfield Services/Equipment,http://www.nasdaq.com/symbol/wg
WWD,"Woodward, Inc.",70,"4,320,742,510",n/a,n/a,Energy,Industrial Machinery/Components,http://www.nasdaq.com/symbol/wwd
INT,World Fuel Services Corporation,44.39,"3,127,808,180",n/a,n/a,Energy,Oil Refining/Marketing,http://www.nasdaq.com/symbol/int
WPT,"World Point Terminals, LP",17.2,"599,609,441",n/a,2013,Energy,Oil Refining/Marketing,http://www.nasdaq.com/symbol/wpt
WPX,"WPX Energy, Inc.",14.28,"4,918,914,647",n/a,2011,Energy,Oil & Gas Production,http://www.nasdaq.com/symbol/wpx
WPXP,"WPX Energy, Inc.",63.77,0,n/a,2015,Energy,Oil & Gas Production,http://www.nasdaq.com/symbol/wpxp
YZC,Yanzhou Coal Mining Company Limited,7.76,"3,816,678,400",n/a,1998,Energy,Coal Mining,http://www.nasdaq.com/symbol/yzc
YPF,YPF Sociedad Anonima,22.03,"8,664,680,830",n/a,1993,Energy,Integrated oil Companies,http://www.nasdaq.com/symbol/ypf
YUMA,"Yuma Energy, Inc.",2.83,"34,528,830",n/a,n/a,Energy,Oil & Gas Production,http://www.nasdaq.com/symbol/yuma
ZN,Zion Oil & Gas Inc,1.27,"52,602,528",n/a,n/a,Energy,Oil & Gas Production,http://www.nasdaq.com/symbol/zn
ZNWAA,Zion Oil & Gas Inc,n/a,0,n/a,n/a,Energy,Oil & Gas Production,http://www.nasdaq.com/symbol/znwaa
